district,Year,Topic,Proportion
Alppiharju,2018,Topic_1_Enhancing_Parks_with_Playgrounds_and_Recreational_Amenities,0.1809836702375
Alppiharju,2020,Topic_1_Enhancing_Parks_with_Playgrounds_and_Recreational_Amenities,0.14908995283749998
Alppiharju,2022,Topic_1_Enhancing_Parks_with_Playgrounds_and_Recreational_Amenities,0.12314780051875
Haaga,2018,Topic_1_Enhancing_Parks_with_Playgrounds_and_Recreational_Amenities,0.11536404344285714
Haaga,2020,Topic_1_Enhancing_Parks_with_Playgrounds_and_Recreational_Amenities,0.27780077800714287
Haaga,2022,Topic_1_Enhancing_Parks_with_Playgrounds_and_Recreational_Amenities,0.17938280986428573
Herttoniemi,2018,Topic_1_Enhancing_Parks_with_Playgrounds_and_Recreational_Amenities,0.1410735760883721
Herttoniemi,2020,Topic_1_Enhancing_Parks_with_Playgrounds_and_Recreational_Amenities,0.2075844939542373
Herttoniemi,2022,Topic_1_Enhancing_Parks_with_Playgrounds_and_Recreational_Amenities,0.15870328178139537
Itä-Pakila,2018,Topic_1_Enhancing_Parks_with_Playgrounds_and_Recreational_Amenities,0.06557367906666667
Itä-Pakila,2020,Topic_1_Enhancing_Parks_with_Playgrounds_and_Recreational_Amenities,0.051170415299999994
Itä-Pakila,2022,Topic_1_Enhancing_Parks_with_Playgrounds_and_Recreational_Amenities,0.1749076902833333
Jakomäki,2018,Topic_1_Enhancing_Parks_with_Playgrounds_and_Recreational_Amenities,0.1791169916666667
Jakomäki,2020,Topic_1_Enhancing_Parks_with_Playgrounds_and_Recreational_Amenities,0.09072108177999999
Jakomäki,2022,Topic_1_Enhancing_Parks_with_Playgrounds_and_Recreational_Amenities,0.16755089857142855
Kaarela,2018,Topic_1_Enhancing_Parks_with_Playgrounds_and_Recreational_Amenities,0.12549621370243902
Kaarela,2020,Topic_1_Enhancing_Parks_with_Playgrounds_and_Recreational_Amenities,0.1678365479744186
Kaarela,2022,Topic_1_Enhancing_Parks_with_Playgrounds_and_Recreational_Amenities,0.19186050767777776
Kallio,2018,Topic_1_Enhancing_Parks_with_Playgrounds_and_Recreational_Amenities,0.13036176412
Kallio,2020,Topic_1_Enhancing_Parks_with_Playgrounds_and_Recreational_Amenities,0.12804901673636365
Kallio,2022,Topic_1_Enhancing_Parks_with_Playgrounds_and_Recreational_Amenities,0.10100035418200001
Kampinmalmi,2018,Topic_1_Enhancing_Parks_with_Playgrounds_and_Recreational_Amenities,0.08617863190398772
Kampinmalmi,2020,Topic_1_Enhancing_Parks_with_Playgrounds_and_Recreational_Amenities,0.15060532112432432
Kampinmalmi,2022,Topic_1_Enhancing_Parks_with_Playgrounds_and_Recreational_Amenities,0.139536049024
Kulosaari,2018,Topic_1_Enhancing_Parks_with_Playgrounds_and_Recreational_Amenities,0.13238611332857145
Kulosaari,2020,Topic_1_Enhancing_Parks_with_Playgrounds_and_Recreational_Amenities,0.19158494677857144
Kulosaari,2022,Topic_1_Enhancing_Parks_with_Playgrounds_and_Recreational_Amenities,0.18504812793333333
Laajasalo,2018,Topic_1_Enhancing_Parks_with_Playgrounds_and_Recreational_Amenities,0.0804105793
Laajasalo,2020,Topic_1_Enhancing_Parks_with_Playgrounds_and_Recreational_Amenities,0.14152214683571426
Laajasalo,2022,Topic_1_Enhancing_Parks_with_Playgrounds_and_Recreational_Amenities,0.11352641825454546
Latokartano,2018,Topic_1_Enhancing_Parks_with_Playgrounds_and_Recreational_Amenities,0.13975814067741935
Latokartano,2020,Topic_1_Enhancing_Parks_with_Playgrounds_and_Recreational_Amenities,0.14833814046086954
Latokartano,2022,Topic_1_Enhancing_Parks_with_Playgrounds_and_Recreational_Amenities,0.13254898975789473
Lauttasaari,2018,Topic_1_Enhancing_Parks_with_Playgrounds_and_Recreational_Amenities,0.086243944665
Lauttasaari,2020,Topic_1_Enhancing_Parks_with_Playgrounds_and_Recreational_Amenities,0.19348302547391305
Lauttasaari,2022,Topic_1_Enhancing_Parks_with_Playgrounds_and_Recreational_Amenities,0.1951500414617647
Länsi-Pakila,2018,Topic_1_Enhancing_Parks_with_Playgrounds_and_Recreational_Amenities,0.0931847865
Länsi-Pakila,2020,Topic_1_Enhancing_Parks_with_Playgrounds_and_Recreational_Amenities,0.22214146057142856
Länsi-Pakila,2022,Topic_1_Enhancing_Parks_with_Playgrounds_and_Recreational_Amenities,0.32701963015
Malmi,2018,Topic_1_Enhancing_Parks_with_Playgrounds_and_Recreational_Amenities,0.1113647284735294
Malmi,2020,Topic_1_Enhancing_Parks_with_Playgrounds_and_Recreational_Amenities,0.11595475193265306
Malmi,2022,Topic_1_Enhancing_Parks_with_Playgrounds_and_Recreational_Amenities,0.102583989015625
Maunula,2018,Topic_1_Enhancing_Parks_with_Playgrounds_and_Recreational_Amenities,0.08789548759333334
Maunula,2020,Topic_1_Enhancing_Parks_with_Playgrounds_and_Recreational_Amenities,0.15201333395
Maunula,2022,Topic_1_Enhancing_Parks_with_Playgrounds_and_Recreational_Amenities,0.13505423638636363
Mellunkylä,2018,Topic_1_Enhancing_Parks_with_Playgrounds_and_Recreational_Amenities,0.10032378314545454
Mellunkylä,2020,Topic_1_Enhancing_Parks_with_Playgrounds_and_Recreational_Amenities,0.0673219411097561
Mellunkylä,2022,Topic_1_Enhancing_Parks_with_Playgrounds_and_Recreational_Amenities,0.23015958602631578
Munkkiniemi,2018,Topic_1_Enhancing_Parks_with_Playgrounds_and_Recreational_Amenities,0.020123538936363636
Munkkiniemi,2020,Topic_1_Enhancing_Parks_with_Playgrounds_and_Recreational_Amenities,0.24022572035
Munkkiniemi,2022,Topic_1_Enhancing_Parks_with_Playgrounds_and_Recreational_Amenities,0.47328166946153843
Myllypuro,2018,Topic_1_Enhancing_Parks_with_Playgrounds_and_Recreational_Amenities,0.1662766103
Myllypuro,2020,Topic_1_Enhancing_Parks_with_Playgrounds_and_Recreational_Amenities,0.36581909764705883
Myllypuro,2022,Topic_1_Enhancing_Parks_with_Playgrounds_and_Recreational_Amenities,0.3576929562
Oulunkylä,2018,Topic_1_Enhancing_Parks_with_Playgrounds_and_Recreational_Amenities,0.13573206202000002
Oulunkylä,2020,Topic_1_Enhancing_Parks_with_Playgrounds_and_Recreational_Amenities,0.21139126272272726
Oulunkylä,2022,Topic_1_Enhancing_Parks_with_Playgrounds_and_Recreational_Amenities,0.36977902651363637
Pasila,2018,Topic_1_Enhancing_Parks_with_Playgrounds_and_Recreational_Amenities,0.13785073067
Pasila,2020,Topic_1_Enhancing_Parks_with_Playgrounds_and_Recreational_Amenities,0.35380613305999997
Pasila,2022,Topic_1_Enhancing_Parks_with_Playgrounds_and_Recreational_Amenities,0.105998069295
Pitäjänmäki,2018,Topic_1_Enhancing_Parks_with_Playgrounds_and_Recreational_Amenities,0.1418363045590909
Pitäjänmäki,2020,Topic_1_Enhancing_Parks_with_Playgrounds_and_Recreational_Amenities,0.19806208604117645
Pitäjänmäki,2022,Topic_1_Enhancing_Parks_with_Playgrounds_and_Recreational_Amenities,0.38411678168
Puistola,2018,Topic_1_Enhancing_Parks_with_Playgrounds_and_Recreational_Amenities,0.08827243189444445
Puistola,2020,Topic_1_Enhancing_Parks_with_Playgrounds_and_Recreational_Amenities,0.1556137214826087
Puistola,2022,Topic_1_Enhancing_Parks_with_Playgrounds_and_Recreational_Amenities,0.15076015616923077
Pukinmäki,2018,Topic_1_Enhancing_Parks_with_Playgrounds_and_Recreational_Amenities,0.06279701877
Pukinmäki,2020,Topic_1_Enhancing_Parks_with_Playgrounds_and_Recreational_Amenities,0.1075752071857143
Pukinmäki,2022,Topic_1_Enhancing_Parks_with_Playgrounds_and_Recreational_Amenities,0.1643207006
Reijola,2018,Topic_1_Enhancing_Parks_with_Playgrounds_and_Recreational_Amenities,0.0870062452137931
Reijola,2020,Topic_1_Enhancing_Parks_with_Playgrounds_and_Recreational_Amenities,0.26243996756666665
Reijola,2022,Topic_1_Enhancing_Parks_with_Playgrounds_and_Recreational_Amenities,0.08308857594545455
Suutarila,2018,Topic_1_Enhancing_Parks_with_Playgrounds_and_Recreational_Amenities,0.20679978681764705
Suutarila,2020,Topic_1_Enhancing_Parks_with_Playgrounds_and_Recreational_Amenities,0.19656102037307693
Suutarila,2022,Topic_1_Enhancing_Parks_with_Playgrounds_and_Recreational_Amenities,0.20842850173888888
Taka-Töölö,2018,Topic_1_Enhancing_Parks_with_Playgrounds_and_Recreational_Amenities,0.09254529245625
Taka-Töölö,2020,Topic_1_Enhancing_Parks_with_Playgrounds_and_Recreational_Amenities,0.20803305645789474
Taka-Töölö,2022,Topic_1_Enhancing_Parks_with_Playgrounds_and_Recreational_Amenities,0.08168233687272729
Tuomarinkylä,2018,Topic_1_Enhancing_Parks_with_Playgrounds_and_Recreational_Amenities,0.20468657389999997
Tuomarinkylä,2020,Topic_1_Enhancing_Parks_with_Playgrounds_and_Recreational_Amenities,0.098343048328
Tuomarinkylä,2022,Topic_1_Enhancing_Parks_with_Playgrounds_and_Recreational_Amenities,0.18505693045
Ullanlinna,2018,Topic_1_Enhancing_Parks_with_Playgrounds_and_Recreational_Amenities,0.1713098383952381
Ullanlinna,2020,Topic_1_Enhancing_Parks_with_Playgrounds_and_Recreational_Amenities,0.12768699557894736
Ullanlinna,2022,Topic_1_Enhancing_Parks_with_Playgrounds_and_Recreational_Amenities,0.22079272712068965
Vallila,2018,Topic_1_Enhancing_Parks_with_Playgrounds_and_Recreational_Amenities,0.11378625370937501
Vallila,2020,Topic_1_Enhancing_Parks_with_Playgrounds_and_Recreational_Amenities,0.06913580215185185
Vallila,2022,Topic_1_Enhancing_Parks_with_Playgrounds_and_Recreational_Amenities,0.227881099696
Vanhakaupunki,2018,Topic_1_Enhancing_Parks_with_Playgrounds_and_Recreational_Amenities,0.1054113519796875
Vanhakaupunki,2020,Topic_1_Enhancing_Parks_with_Playgrounds_and_Recreational_Amenities,0.16658333411666668
Vanhakaupunki,2022,Topic_1_Enhancing_Parks_with_Playgrounds_and_Recreational_Amenities,0.19798691455277778
Vartiokylä,2018,Topic_1_Enhancing_Parks_with_Playgrounds_and_Recreational_Amenities,0.1142388705275
Vartiokylä,2020,Topic_1_Enhancing_Parks_with_Playgrounds_and_Recreational_Amenities,0.15999531384210527
Vartiokylä,2022,Topic_1_Enhancing_Parks_with_Playgrounds_and_Recreational_Amenities,0.14269424391176472
Vironniemi,2018,Topic_1_Enhancing_Parks_with_Playgrounds_and_Recreational_Amenities,0.17357805131836734
Vironniemi,2020,Topic_1_Enhancing_Parks_with_Playgrounds_and_Recreational_Amenities,0.07102626284781145
Vironniemi,2022,Topic_1_Enhancing_Parks_with_Playgrounds_and_Recreational_Amenities,0.19386145277777778
Vuosaari,2018,Topic_1_Enhancing_Parks_with_Playgrounds_and_Recreational_Amenities,0.10873265600357143
Vuosaari,2020,Topic_1_Enhancing_Parks_with_Playgrounds_and_Recreational_Amenities,0.15779128657594937
Vuosaari,2022,Topic_1_Enhancing_Parks_with_Playgrounds_and_Recreational_Amenities,0.1398897792102041
Östersundom,2018,Topic_1_Enhancing_Parks_with_Playgrounds_and_Recreational_Amenities,0.205187908375
Östersundom,2020,Topic_1_Enhancing_Parks_with_Playgrounds_and_Recreational_Amenities,0.415936294
Östersundom,2022,Topic_1_Enhancing_Parks_with_Playgrounds_and_Recreational_Amenities,0.03139350233333333
Alppiharju,2018,Topic_2_Expanding_Waterfront_Access_and_Recreation,0.025918496062499997
Alppiharju,2020,Topic_2_Expanding_Waterfront_Access_and_Recreation,0.060050978525
Alppiharju,2022,Topic_2_Expanding_Waterfront_Access_and_Recreation,0.03410599360625
Haaga,2018,Topic_2_Expanding_Waterfront_Access_and_Recreation,0.03555066705714286
Haaga,2020,Topic_2_Expanding_Waterfront_Access_and_Recreation,0.037523078642857144
Haaga,2022,Topic_2_Expanding_Waterfront_Access_and_Recreation,0.06410503457142858
Herttoniemi,2018,Topic_2_Expanding_Waterfront_Access_and_Recreation,0.17702269523255815
Herttoniemi,2020,Topic_2_Expanding_Waterfront_Access_and_Recreation,0.173857685020339
Herttoniemi,2022,Topic_2_Expanding_Waterfront_Access_and_Recreation,0.1865608479604651
Itä-Pakila,2018,Topic_2_Expanding_Waterfront_Access_and_Recreation,0.06507395515
Itä-Pakila,2020,Topic_2_Expanding_Waterfront_Access_and_Recreation,0.005364348633333334
Itä-Pakila,2022,Topic_2_Expanding_Waterfront_Access_and_Recreation,0.06842832066666667
Jakomäki,2018,Topic_2_Expanding_Waterfront_Access_and_Recreation,0.004933923433333333
Jakomäki,2020,Topic_2_Expanding_Waterfront_Access_and_Recreation,0.23363246209333333
Jakomäki,2022,Topic_2_Expanding_Waterfront_Access_and_Recreation,0.07516881242857143
Kaarela,2018,Topic_2_Expanding_Waterfront_Access_and_Recreation,0.1151188286390244
Kaarela,2020,Topic_2_Expanding_Waterfront_Access_and_Recreation,0.05417115841395349
Kaarela,2022,Topic_2_Expanding_Waterfront_Access_and_Recreation,0.055989898700000006
Kallio,2018,Topic_2_Expanding_Waterfront_Access_and_Recreation,0.20316924577999998
Kallio,2020,Topic_2_Expanding_Waterfront_Access_and_Recreation,0.09104982508863636
Kallio,2022,Topic_2_Expanding_Waterfront_Access_and_Recreation,0.08609619942
Kampinmalmi,2018,Topic_2_Expanding_Waterfront_Access_and_Recreation,0.11654732381840491
Kampinmalmi,2020,Topic_2_Expanding_Waterfront_Access_and_Recreation,0.11674514213783783
Kampinmalmi,2022,Topic_2_Expanding_Waterfront_Access_and_Recreation,0.09039213007600001
Kulosaari,2018,Topic_2_Expanding_Waterfront_Access_and_Recreation,0.18179303365714286
Kulosaari,2020,Topic_2_Expanding_Waterfront_Access_and_Recreation,0.21558167197142855
Kulosaari,2022,Topic_2_Expanding_Waterfront_Access_and_Recreation,0.23120472416666668
Laajasalo,2018,Topic_2_Expanding_Waterfront_Access_and_Recreation,0.233964508053125
Laajasalo,2020,Topic_2_Expanding_Waterfront_Access_and_Recreation,0.20471362390238093
Laajasalo,2022,Topic_2_Expanding_Waterfront_Access_and_Recreation,0.15929481364999998
Latokartano,2018,Topic_2_Expanding_Waterfront_Access_and_Recreation,0.06325355377096774
Latokartano,2020,Topic_2_Expanding_Waterfront_Access_and_Recreation,0.10531424041739132
Latokartano,2022,Topic_2_Expanding_Waterfront_Access_and_Recreation,0.03332238542631579
Lauttasaari,2018,Topic_2_Expanding_Waterfront_Access_and_Recreation,0.24707094011000003
Lauttasaari,2020,Topic_2_Expanding_Waterfront_Access_and_Recreation,0.24506649847608694
Lauttasaari,2022,Topic_2_Expanding_Waterfront_Access_and_Recreation,0.1654815953852941
Länsi-Pakila,2018,Topic_2_Expanding_Waterfront_Access_and_Recreation,0.0056786085000000005
Länsi-Pakila,2020,Topic_2_Expanding_Waterfront_Access_and_Recreation,0.07218328900000001
Länsi-Pakila,2022,Topic_2_Expanding_Waterfront_Access_and_Recreation,0.025519786550000003
Malmi,2018,Topic_2_Expanding_Waterfront_Access_and_Recreation,0.1267775667
Malmi,2020,Topic_2_Expanding_Waterfront_Access_and_Recreation,0.1500104829734694
Malmi,2022,Topic_2_Expanding_Waterfront_Access_and_Recreation,0.18599003401875
Maunula,2018,Topic_2_Expanding_Waterfront_Access_and_Recreation,0.11746470084666667
Maunula,2020,Topic_2_Expanding_Waterfront_Access_and_Recreation,0.1348640121916667
Maunula,2022,Topic_2_Expanding_Waterfront_Access_and_Recreation,0.1885031367681818
Mellunkylä,2018,Topic_2_Expanding_Waterfront_Access_and_Recreation,0.038631368996969694
Mellunkylä,2020,Topic_2_Expanding_Waterfront_Access_and_Recreation,0.06988509960487804
Mellunkylä,2022,Topic_2_Expanding_Waterfront_Access_and_Recreation,0.04275310657894737
Munkkiniemi,2018,Topic_2_Expanding_Waterfront_Access_and_Recreation,0.07929565577272728
Munkkiniemi,2020,Topic_2_Expanding_Waterfront_Access_and_Recreation,0.08922132261875
Munkkiniemi,2022,Topic_2_Expanding_Waterfront_Access_and_Recreation,0.07493595405384615
Myllypuro,2018,Topic_2_Expanding_Waterfront_Access_and_Recreation,0.006489751457142858
Myllypuro,2020,Topic_2_Expanding_Waterfront_Access_and_Recreation,0.06697132413529412
Myllypuro,2022,Topic_2_Expanding_Waterfront_Access_and_Recreation,0.07886712658571428
Oulunkylä,2018,Topic_2_Expanding_Waterfront_Access_and_Recreation,0.09423838166666668
Oulunkylä,2020,Topic_2_Expanding_Waterfront_Access_and_Recreation,0.10374000482045455
Oulunkylä,2022,Topic_2_Expanding_Waterfront_Access_and_Recreation,0.047341242500000005
Pasila,2018,Topic_2_Expanding_Waterfront_Access_and_Recreation,0.017379696049999997
Pasila,2020,Topic_2_Expanding_Waterfront_Access_and_Recreation,0.09220230598
Pasila,2022,Topic_2_Expanding_Waterfront_Access_and_Recreation,0.12402246762
Pitäjänmäki,2018,Topic_2_Expanding_Waterfront_Access_and_Recreation,0.09046649541590909
Pitäjänmäki,2020,Topic_2_Expanding_Waterfront_Access_and_Recreation,0.05163214166176471
Pitäjänmäki,2022,Topic_2_Expanding_Waterfront_Access_and_Recreation,0.086717894595
Puistola,2018,Topic_2_Expanding_Waterfront_Access_and_Recreation,0.02913962955555556
Puistola,2020,Topic_2_Expanding_Waterfront_Access_and_Recreation,0.031418497213043475
Puistola,2022,Topic_2_Expanding_Waterfront_Access_and_Recreation,0.10790179831538463
Pukinmäki,2018,Topic_2_Expanding_Waterfront_Access_and_Recreation,0.04103166962
Pukinmäki,2020,Topic_2_Expanding_Waterfront_Access_and_Recreation,0.21762299097857143
Pukinmäki,2022,Topic_2_Expanding_Waterfront_Access_and_Recreation,0.0750575949
Reijola,2018,Topic_2_Expanding_Waterfront_Access_and_Recreation,0.12976411676896552
Reijola,2020,Topic_2_Expanding_Waterfront_Access_and_Recreation,0.09852277234074075
Reijola,2022,Topic_2_Expanding_Waterfront_Access_and_Recreation,0.22342626576818178
Suutarila,2018,Topic_2_Expanding_Waterfront_Access_and_Recreation,0.10776367349411765
Suutarila,2020,Topic_2_Expanding_Waterfront_Access_and_Recreation,0.059232889519230766
Suutarila,2022,Topic_2_Expanding_Waterfront_Access_and_Recreation,0.028476983105555558
Taka-Töölö,2018,Topic_2_Expanding_Waterfront_Access_and_Recreation,0.041813002450000004
Taka-Töölö,2020,Topic_2_Expanding_Waterfront_Access_and_Recreation,0.13631697979473686
Taka-Töölö,2022,Topic_2_Expanding_Waterfront_Access_and_Recreation,0.12266789975454545
Tuomarinkylä,2018,Topic_2_Expanding_Waterfront_Access_and_Recreation,0.05093973457142857
Tuomarinkylä,2020,Topic_2_Expanding_Waterfront_Access_and_Recreation,0.19718289390799998
Tuomarinkylä,2022,Topic_2_Expanding_Waterfront_Access_and_Recreation,0.14574527124
Ullanlinna,2018,Topic_2_Expanding_Waterfront_Access_and_Recreation,0.16230523787619047
Ullanlinna,2020,Topic_2_Expanding_Waterfront_Access_and_Recreation,0.18023084460526315
Ullanlinna,2022,Topic_2_Expanding_Waterfront_Access_and_Recreation,0.18165384307931037
Vallila,2018,Topic_2_Expanding_Waterfront_Access_and_Recreation,0.0502510554375
Vallila,2020,Topic_2_Expanding_Waterfront_Access_and_Recreation,0.05640949913703703
Vallila,2022,Topic_2_Expanding_Waterfront_Access_and_Recreation,0.059175463396
Vanhakaupunki,2018,Topic_2_Expanding_Waterfront_Access_and_Recreation,0.1041390330125
Vanhakaupunki,2020,Topic_2_Expanding_Waterfront_Access_and_Recreation,0.10019091416851851
Vanhakaupunki,2022,Topic_2_Expanding_Waterfront_Access_and_Recreation,0.06299079363333332
Vartiokylä,2018,Topic_2_Expanding_Waterfront_Access_and_Recreation,0.0591371715825
Vartiokylä,2020,Topic_2_Expanding_Waterfront_Access_and_Recreation,0.14093991290000002
Vartiokylä,2022,Topic_2_Expanding_Waterfront_Access_and_Recreation,0.044650736005882354
Vironniemi,2018,Topic_2_Expanding_Waterfront_Access_and_Recreation,0.13901886701224492
Vironniemi,2020,Topic_2_Expanding_Waterfront_Access_and_Recreation,0.09442901644107744
Vironniemi,2022,Topic_2_Expanding_Waterfront_Access_and_Recreation,0.18039285458333335
Vuosaari,2018,Topic_2_Expanding_Waterfront_Access_and_Recreation,0.14114720919999998
Vuosaari,2020,Topic_2_Expanding_Waterfront_Access_and_Recreation,0.17432756794177215
Vuosaari,2022,Topic_2_Expanding_Waterfront_Access_and_Recreation,0.12983654960612245
Östersundom,2018,Topic_2_Expanding_Waterfront_Access_and_Recreation,0.27684613339999997
Östersundom,2020,Topic_2_Expanding_Waterfront_Access_and_Recreation,0.280248204
Östersundom,2022,Topic_2_Expanding_Waterfront_Access_and_Recreation,0.4740724165333334
Alppiharju,2018,Topic_3_Developing_Inclusive_Public_Spaces_and_Services,0.150533786275
Alppiharju,2020,Topic_3_Developing_Inclusive_Public_Spaces_and_Services,0.269806935
Alppiharju,2022,Topic_3_Developing_Inclusive_Public_Spaces_and_Services,0.10481686710625
Haaga,2018,Topic_3_Developing_Inclusive_Public_Spaces_and_Services,0.05711631143809524
Haaga,2020,Topic_3_Developing_Inclusive_Public_Spaces_and_Services,0.1153969026
Haaga,2022,Topic_3_Developing_Inclusive_Public_Spaces_and_Services,0.0568811991
Herttoniemi,2018,Topic_3_Developing_Inclusive_Public_Spaces_and_Services,0.12361668159767442
Herttoniemi,2020,Topic_3_Developing_Inclusive_Public_Spaces_and_Services,0.09645745417457628
Herttoniemi,2022,Topic_3_Developing_Inclusive_Public_Spaces_and_Services,0.11923689238604651
Itä-Pakila,2018,Topic_3_Developing_Inclusive_Public_Spaces_and_Services,0.16645585801666668
Itä-Pakila,2020,Topic_3_Developing_Inclusive_Public_Spaces_and_Services,0.02937327396666667
Itä-Pakila,2022,Topic_3_Developing_Inclusive_Public_Spaces_and_Services,0.014153848616666668
Jakomäki,2018,Topic_3_Developing_Inclusive_Public_Spaces_and_Services,0.1324423703333333
Jakomäki,2020,Topic_3_Developing_Inclusive_Public_Spaces_and_Services,0.2559256931
Jakomäki,2022,Topic_3_Developing_Inclusive_Public_Spaces_and_Services,0.09605787585714287
Kaarela,2018,Topic_3_Developing_Inclusive_Public_Spaces_and_Services,0.1305181831219512
Kaarela,2020,Topic_3_Developing_Inclusive_Public_Spaces_and_Services,0.10745598264418606
Kaarela,2022,Topic_3_Developing_Inclusive_Public_Spaces_and_Services,0.12478397837222222
Kallio,2018,Topic_3_Developing_Inclusive_Public_Spaces_and_Services,0.16994438632
Kallio,2020,Topic_3_Developing_Inclusive_Public_Spaces_and_Services,0.1403691588931818
Kallio,2022,Topic_3_Developing_Inclusive_Public_Spaces_and_Services,0.114924059382
Kampinmalmi,2018,Topic_3_Developing_Inclusive_Public_Spaces_and_Services,0.24570632483558283
Kampinmalmi,2020,Topic_3_Developing_Inclusive_Public_Spaces_and_Services,0.23070696247027028
Kampinmalmi,2022,Topic_3_Developing_Inclusive_Public_Spaces_and_Services,0.21602723477600003
Kulosaari,2018,Topic_3_Developing_Inclusive_Public_Spaces_and_Services,0.22414677
Kulosaari,2020,Topic_3_Developing_Inclusive_Public_Spaces_and_Services,0.16888239942857144
Kulosaari,2022,Topic_3_Developing_Inclusive_Public_Spaces_and_Services,0.12564095688333335
Laajasalo,2018,Topic_3_Developing_Inclusive_Public_Spaces_and_Services,0.151820985775
Laajasalo,2020,Topic_3_Developing_Inclusive_Public_Spaces_and_Services,0.1118904091642857
Laajasalo,2022,Topic_3_Developing_Inclusive_Public_Spaces_and_Services,0.12974190873181818
Latokartano,2018,Topic_3_Developing_Inclusive_Public_Spaces_and_Services,0.11381339359032258
Latokartano,2020,Topic_3_Developing_Inclusive_Public_Spaces_and_Services,0.15919276775652175
Latokartano,2022,Topic_3_Developing_Inclusive_Public_Spaces_and_Services,0.14510400095789475
Lauttasaari,2018,Topic_3_Developing_Inclusive_Public_Spaces_and_Services,0.17049182832999998
Lauttasaari,2020,Topic_3_Developing_Inclusive_Public_Spaces_and_Services,0.16544296697391303
Lauttasaari,2022,Topic_3_Developing_Inclusive_Public_Spaces_and_Services,0.09738011671470588
Länsi-Pakila,2018,Topic_3_Developing_Inclusive_Public_Spaces_and_Services,0.00567261975
Länsi-Pakila,2020,Topic_3_Developing_Inclusive_Public_Spaces_and_Services,0.4668543275714286
Länsi-Pakila,2022,Topic_3_Developing_Inclusive_Public_Spaces_and_Services,0.08122481834999999
Malmi,2018,Topic_3_Developing_Inclusive_Public_Spaces_and_Services,0.15934904047058823
Malmi,2020,Topic_3_Developing_Inclusive_Public_Spaces_and_Services,0.0885551693734694
Malmi,2022,Topic_3_Developing_Inclusive_Public_Spaces_and_Services,0.10598531396875001
Maunula,2018,Topic_3_Developing_Inclusive_Public_Spaces_and_Services,0.06627116542
Maunula,2020,Topic_3_Developing_Inclusive_Public_Spaces_and_Services,0.1817607425125
Maunula,2022,Topic_3_Developing_Inclusive_Public_Spaces_and_Services,0.07263744104090909
Mellunkylä,2018,Topic_3_Developing_Inclusive_Public_Spaces_and_Services,0.08845010007878788
Mellunkylä,2020,Topic_3_Developing_Inclusive_Public_Spaces_and_Services,0.09335558839756097
Mellunkylä,2022,Topic_3_Developing_Inclusive_Public_Spaces_and_Services,0.10674776861578947
Munkkiniemi,2018,Topic_3_Developing_Inclusive_Public_Spaces_and_Services,0.10111659581818183
Munkkiniemi,2020,Topic_3_Developing_Inclusive_Public_Spaces_and_Services,0.09664900277499999
Munkkiniemi,2022,Topic_3_Developing_Inclusive_Public_Spaces_and_Services,0.06646531737692309
Myllypuro,2018,Topic_3_Developing_Inclusive_Public_Spaces_and_Services,0.13530263075714286
Myllypuro,2020,Topic_3_Developing_Inclusive_Public_Spaces_and_Services,0.0764347107117647
Myllypuro,2022,Topic_3_Developing_Inclusive_Public_Spaces_and_Services,0.12700201670714287
Oulunkylä,2018,Topic_3_Developing_Inclusive_Public_Spaces_and_Services,0.11367786915333333
Oulunkylä,2020,Topic_3_Developing_Inclusive_Public_Spaces_and_Services,0.08965047350000001
Oulunkylä,2022,Topic_3_Developing_Inclusive_Public_Spaces_and_Services,0.05249186976818183
Pasila,2018,Topic_3_Developing_Inclusive_Public_Spaces_and_Services,0.06886029357
Pasila,2020,Topic_3_Developing_Inclusive_Public_Spaces_and_Services,0.06242689025
Pasila,2022,Topic_3_Developing_Inclusive_Public_Spaces_and_Services,0.033210208385
Pitäjänmäki,2018,Topic_3_Developing_Inclusive_Public_Spaces_and_Services,0.1898938411909091
Pitäjänmäki,2020,Topic_3_Developing_Inclusive_Public_Spaces_and_Services,0.07295740024411765
Pitäjänmäki,2022,Topic_3_Developing_Inclusive_Public_Spaces_and_Services,0.030444747055
Puistola,2018,Topic_3_Developing_Inclusive_Public_Spaces_and_Services,0.17885727553333333
Puistola,2020,Topic_3_Developing_Inclusive_Public_Spaces_and_Services,0.08630202137826087
Puistola,2022,Topic_3_Developing_Inclusive_Public_Spaces_and_Services,0.0460890840076923
Pukinmäki,2018,Topic_3_Developing_Inclusive_Public_Spaces_and_Services,0.0497335234
Pukinmäki,2020,Topic_3_Developing_Inclusive_Public_Spaces_and_Services,0.08145916803571429
Pukinmäki,2022,Topic_3_Developing_Inclusive_Public_Spaces_and_Services,0.008463496
Reijola,2018,Topic_3_Developing_Inclusive_Public_Spaces_and_Services,0.09671422159310344
Reijola,2020,Topic_3_Developing_Inclusive_Public_Spaces_and_Services,0.12566245874444443
Reijola,2022,Topic_3_Developing_Inclusive_Public_Spaces_and_Services,0.10121443265909091
Suutarila,2018,Topic_3_Developing_Inclusive_Public_Spaces_and_Services,0.09360788641764706
Suutarila,2020,Topic_3_Developing_Inclusive_Public_Spaces_and_Services,0.11879541053461538
Suutarila,2022,Topic_3_Developing_Inclusive_Public_Spaces_and_Services,0.09578123296111112
Taka-Töölö,2018,Topic_3_Developing_Inclusive_Public_Spaces_and_Services,0.0965077899625
Taka-Töölö,2020,Topic_3_Developing_Inclusive_Public_Spaces_and_Services,0.11832090688421053
Taka-Töölö,2022,Topic_3_Developing_Inclusive_Public_Spaces_and_Services,0.07219983347272728
Tuomarinkylä,2018,Topic_3_Developing_Inclusive_Public_Spaces_and_Services,0.14913644742142856
Tuomarinkylä,2020,Topic_3_Developing_Inclusive_Public_Spaces_and_Services,0.117106762044
Tuomarinkylä,2022,Topic_3_Developing_Inclusive_Public_Spaces_and_Services,0.09545366031
Ullanlinna,2018,Topic_3_Developing_Inclusive_Public_Spaces_and_Services,0.20294888254285712
Ullanlinna,2020,Topic_3_Developing_Inclusive_Public_Spaces_and_Services,0.1601649887157895
Ullanlinna,2022,Topic_3_Developing_Inclusive_Public_Spaces_and_Services,0.14809500060344827
Vallila,2018,Topic_3_Developing_Inclusive_Public_Spaces_and_Services,0.145120335715625
Vallila,2020,Topic_3_Developing_Inclusive_Public_Spaces_and_Services,0.24405094777037034
Vallila,2022,Topic_3_Developing_Inclusive_Public_Spaces_and_Services,0.1116508097
Vanhakaupunki,2018,Topic_3_Developing_Inclusive_Public_Spaces_and_Services,0.1306097960703125
Vanhakaupunki,2020,Topic_3_Developing_Inclusive_Public_Spaces_and_Services,0.08059360829814814
Vanhakaupunki,2022,Topic_3_Developing_Inclusive_Public_Spaces_and_Services,0.07758323403888889
Vartiokylä,2018,Topic_3_Developing_Inclusive_Public_Spaces_and_Services,0.19677316266
Vartiokylä,2020,Topic_3_Developing_Inclusive_Public_Spaces_and_Services,0.054233229473684204
Vartiokylä,2022,Topic_3_Developing_Inclusive_Public_Spaces_and_Services,0.26333913390588237
Vironniemi,2018,Topic_3_Developing_Inclusive_Public_Spaces_and_Services,0.14562510164081632
Vironniemi,2020,Topic_3_Developing_Inclusive_Public_Spaces_and_Services,0.3626710357936027
Vironniemi,2022,Topic_3_Developing_Inclusive_Public_Spaces_and_Services,0.1479865335666667
Vuosaari,2018,Topic_3_Developing_Inclusive_Public_Spaces_and_Services,0.1830358069535714
Vuosaari,2020,Topic_3_Developing_Inclusive_Public_Spaces_and_Services,0.17052737008481014
Vuosaari,2022,Topic_3_Developing_Inclusive_Public_Spaces_and_Services,0.08260776335510205
Östersundom,2018,Topic_3_Developing_Inclusive_Public_Spaces_and_Services,0.0075245921625
Östersundom,2020,Topic_3_Developing_Inclusive_Public_Spaces_and_Services,0.016044911749999998
Östersundom,2022,Topic_3_Developing_Inclusive_Public_Spaces_and_Services,0.010501886799999999
Alppiharju,2018,Topic_4_Improving_Infrastructure_for_Accessibility_and_Safety,0.2414232494125
Alppiharju,2020,Topic_4_Improving_Infrastructure_for_Accessibility_and_Safety,0.1790766148
Alppiharju,2022,Topic_4_Improving_Infrastructure_for_Accessibility_and_Safety,0.10190393214375
Haaga,2018,Topic_4_Improving_Infrastructure_for_Accessibility_and_Safety,0.05639718642857142
Haaga,2020,Topic_4_Improving_Infrastructure_for_Accessibility_and_Safety,0.04527263239285715
Haaga,2022,Topic_4_Improving_Infrastructure_for_Accessibility_and_Safety,0.07976328417857144
Herttoniemi,2018,Topic_4_Improving_Infrastructure_for_Accessibility_and_Safety,0.044101763704651166
Herttoniemi,2020,Topic_4_Improving_Infrastructure_for_Accessibility_and_Safety,0.0676884440677966
Herttoniemi,2022,Topic_4_Improving_Infrastructure_for_Accessibility_and_Safety,0.08569686186046512
Itä-Pakila,2018,Topic_4_Improving_Infrastructure_for_Accessibility_and_Safety,0.051008047583333334
Itä-Pakila,2020,Topic_4_Improving_Infrastructure_for_Accessibility_and_Safety,0.08011886005
Itä-Pakila,2022,Topic_4_Improving_Infrastructure_for_Accessibility_and_Safety,0.06838878403333333
Jakomäki,2018,Topic_4_Improving_Infrastructure_for_Accessibility_and_Safety,0.004917618733333333
Jakomäki,2020,Topic_4_Improving_Infrastructure_for_Accessibility_and_Safety,0.028065972193333334
Jakomäki,2022,Topic_4_Improving_Infrastructure_for_Accessibility_and_Safety,0.06953441081428571
Kaarela,2018,Topic_4_Improving_Infrastructure_for_Accessibility_and_Safety,0.08690545578536585
Kaarela,2020,Topic_4_Improving_Infrastructure_for_Accessibility_and_Safety,0.04215830539302326
Kaarela,2022,Topic_4_Improving_Infrastructure_for_Accessibility_and_Safety,0.06126631107222222
Kallio,2018,Topic_4_Improving_Infrastructure_for_Accessibility_and_Safety,0.10353074506
Kallio,2020,Topic_4_Improving_Infrastructure_for_Accessibility_and_Safety,0.05936548288863636
Kallio,2022,Topic_4_Improving_Infrastructure_for_Accessibility_and_Safety,0.07677269412400001
Kampinmalmi,2018,Topic_4_Improving_Infrastructure_for_Accessibility_and_Safety,0.05580848424417178
Kampinmalmi,2020,Topic_4_Improving_Infrastructure_for_Accessibility_and_Safety,0.08261467074864864
Kampinmalmi,2022,Topic_4_Improving_Infrastructure_for_Accessibility_and_Safety,0.101775508028
Kulosaari,2018,Topic_4_Improving_Infrastructure_for_Accessibility_and_Safety,0.034812125342857145
Kulosaari,2020,Topic_4_Improving_Infrastructure_for_Accessibility_and_Safety,0.048914620914285716
Kulosaari,2022,Topic_4_Improving_Infrastructure_for_Accessibility_and_Safety,0.03405811573333333
Laajasalo,2018,Topic_4_Improving_Infrastructure_for_Accessibility_and_Safety,0.103654210765625
Laajasalo,2020,Topic_4_Improving_Infrastructure_for_Accessibility_and_Safety,0.10745575045000001
Laajasalo,2022,Topic_4_Improving_Infrastructure_for_Accessibility_and_Safety,0.11964838986363636
Latokartano,2018,Topic_4_Improving_Infrastructure_for_Accessibility_and_Safety,0.017305146974193546
Latokartano,2020,Topic_4_Improving_Infrastructure_for_Accessibility_and_Safety,0.05249314160434783
Latokartano,2022,Topic_4_Improving_Infrastructure_for_Accessibility_and_Safety,0.09181386724210527
Lauttasaari,2018,Topic_4_Improving_Infrastructure_for_Accessibility_and_Safety,0.02960992602
Lauttasaari,2020,Topic_4_Improving_Infrastructure_for_Accessibility_and_Safety,0.03230361406739131
Lauttasaari,2022,Topic_4_Improving_Infrastructure_for_Accessibility_and_Safety,0.05248340500294118
Länsi-Pakila,2018,Topic_4_Improving_Infrastructure_for_Accessibility_and_Safety,0.085202243
Länsi-Pakila,2020,Topic_4_Improving_Infrastructure_for_Accessibility_and_Safety,0.0125847956
Länsi-Pakila,2022,Topic_4_Improving_Infrastructure_for_Accessibility_and_Safety,0.09880271276666668
Malmi,2018,Topic_4_Improving_Infrastructure_for_Accessibility_and_Safety,0.05432646687352941
Malmi,2020,Topic_4_Improving_Infrastructure_for_Accessibility_and_Safety,0.0312822159122449
Malmi,2022,Topic_4_Improving_Infrastructure_for_Accessibility_and_Safety,0.020657869496875
Maunula,2018,Topic_4_Improving_Infrastructure_for_Accessibility_and_Safety,0.08169333296
Maunula,2020,Topic_4_Improving_Infrastructure_for_Accessibility_and_Safety,0.0174603318625
Maunula,2022,Topic_4_Improving_Infrastructure_for_Accessibility_and_Safety,0.051934096877272726
Mellunkylä,2018,Topic_4_Improving_Infrastructure_for_Accessibility_and_Safety,0.1448371339969697
Mellunkylä,2020,Topic_4_Improving_Infrastructure_for_Accessibility_and_Safety,0.14192926758780489
Mellunkylä,2022,Topic_4_Improving_Infrastructure_for_Accessibility_and_Safety,0.1466027083473684
Munkkiniemi,2018,Topic_4_Improving_Infrastructure_for_Accessibility_and_Safety,0.2445736201727273
Munkkiniemi,2020,Topic_4_Improving_Infrastructure_for_Accessibility_and_Safety,0.04274175580625
Munkkiniemi,2022,Topic_4_Improving_Infrastructure_for_Accessibility_and_Safety,0.021420875846153844
Myllypuro,2018,Topic_4_Improving_Infrastructure_for_Accessibility_and_Safety,0.0275352556
Myllypuro,2020,Topic_4_Improving_Infrastructure_for_Accessibility_and_Safety,0.05101913031176471
Myllypuro,2022,Topic_4_Improving_Infrastructure_for_Accessibility_and_Safety,0.12743622995714285
Oulunkylä,2018,Topic_4_Improving_Infrastructure_for_Accessibility_and_Safety,0.09554541381333334
Oulunkylä,2020,Topic_4_Improving_Infrastructure_for_Accessibility_and_Safety,0.10152758223863635
Oulunkylä,2022,Topic_4_Improving_Infrastructure_for_Accessibility_and_Safety,0.012342332518181816
Pasila,2018,Topic_4_Improving_Infrastructure_for_Accessibility_and_Safety,0.13613890313
Pasila,2020,Topic_4_Improving_Infrastructure_for_Accessibility_and_Safety,0.018641932790000003
Pasila,2022,Topic_4_Improving_Infrastructure_for_Accessibility_and_Safety,0.09627138275
Pitäjänmäki,2018,Topic_4_Improving_Infrastructure_for_Accessibility_and_Safety,0.07996917683409091
Pitäjänmäki,2020,Topic_4_Improving_Infrastructure_for_Accessibility_and_Safety,0.0730074181
Pitäjänmäki,2022,Topic_4_Improving_Infrastructure_for_Accessibility_and_Safety,0.02778813266
Puistola,2018,Topic_4_Improving_Infrastructure_for_Accessibility_and_Safety,0.03826522997777778
Puistola,2020,Topic_4_Improving_Infrastructure_for_Accessibility_and_Safety,0.061129184921739126
Puistola,2022,Topic_4_Improving_Infrastructure_for_Accessibility_and_Safety,0.02121572533076923
Pukinmäki,2018,Topic_4_Improving_Infrastructure_for_Accessibility_and_Safety,0.14533410219
Pukinmäki,2020,Topic_4_Improving_Infrastructure_for_Accessibility_and_Safety,0.018208158314285714
Pukinmäki,2022,Topic_4_Improving_Infrastructure_for_Accessibility_and_Safety,0.059554862449999996
Reijola,2018,Topic_4_Improving_Infrastructure_for_Accessibility_and_Safety,0.04850495049655172
Reijola,2020,Topic_4_Improving_Infrastructure_for_Accessibility_and_Safety,0.02111108015925926
Reijola,2022,Topic_4_Improving_Infrastructure_for_Accessibility_and_Safety,0.061527913481818186
Suutarila,2018,Topic_4_Improving_Infrastructure_for_Accessibility_and_Safety,0.08974591182352942
Suutarila,2020,Topic_4_Improving_Infrastructure_for_Accessibility_and_Safety,0.05448376369615385
Suutarila,2022,Topic_4_Improving_Infrastructure_for_Accessibility_and_Safety,0.027846707344444444
Taka-Töölö,2018,Topic_4_Improving_Infrastructure_for_Accessibility_and_Safety,0.021862346556250002
Taka-Töölö,2020,Topic_4_Improving_Infrastructure_for_Accessibility_and_Safety,0.10938230084736841
Taka-Töölö,2022,Topic_4_Improving_Infrastructure_for_Accessibility_and_Safety,0.18244531860000002
Tuomarinkylä,2018,Topic_4_Improving_Infrastructure_for_Accessibility_and_Safety,0.017316620271428572
Tuomarinkylä,2020,Topic_4_Improving_Infrastructure_for_Accessibility_and_Safety,0.011664058412
Tuomarinkylä,2022,Topic_4_Improving_Infrastructure_for_Accessibility_and_Safety,0.03463048461
Ullanlinna,2018,Topic_4_Improving_Infrastructure_for_Accessibility_and_Safety,0.0431815696047619
Ullanlinna,2020,Topic_4_Improving_Infrastructure_for_Accessibility_and_Safety,0.021415504236842107
Ullanlinna,2022,Topic_4_Improving_Infrastructure_for_Accessibility_and_Safety,0.045787298796551724
Vallila,2018,Topic_4_Improving_Infrastructure_for_Accessibility_and_Safety,0.081519768746875
Vallila,2020,Topic_4_Improving_Infrastructure_for_Accessibility_and_Safety,0.059664381177777774
Vallila,2022,Topic_4_Improving_Infrastructure_for_Accessibility_and_Safety,0.072215710556
Vanhakaupunki,2018,Topic_4_Improving_Infrastructure_for_Accessibility_and_Safety,0.0612088010375
Vanhakaupunki,2020,Topic_4_Improving_Infrastructure_for_Accessibility_and_Safety,0.05166810326666666
Vanhakaupunki,2022,Topic_4_Improving_Infrastructure_for_Accessibility_and_Safety,0.04337337501388889
Vartiokylä,2018,Topic_4_Improving_Infrastructure_for_Accessibility_and_Safety,0.078998971475
Vartiokylä,2020,Topic_4_Improving_Infrastructure_for_Accessibility_and_Safety,0.030570118763157895
Vartiokylä,2022,Topic_4_Improving_Infrastructure_for_Accessibility_and_Safety,0.01484754872352941
Vironniemi,2018,Topic_4_Improving_Infrastructure_for_Accessibility_and_Safety,0.09571967380408164
Vironniemi,2020,Topic_4_Improving_Infrastructure_for_Accessibility_and_Safety,0.04624017641245791
Vironniemi,2022,Topic_4_Improving_Infrastructure_for_Accessibility_and_Safety,0.035453730716666666
Vuosaari,2018,Topic_4_Improving_Infrastructure_for_Accessibility_and_Safety,0.02936487609642857
Vuosaari,2020,Topic_4_Improving_Infrastructure_for_Accessibility_and_Safety,0.03604770451392405
Vuosaari,2022,Topic_4_Improving_Infrastructure_for_Accessibility_and_Safety,0.045087741657142855
Östersundom,2018,Topic_4_Improving_Infrastructure_for_Accessibility_and_Safety,0.0300530438125
Östersundom,2020,Topic_4_Improving_Infrastructure_for_Accessibility_and_Safety,0.01605187845
Östersundom,2022,Topic_4_Improving_Infrastructure_for_Accessibility_and_Safety,0.27551202599999997
Alppiharju,2018,Topic_5_Enhancing_Pathways_and_Park_Connectivity,0.13789691429999998
Alppiharju,2020,Topic_5_Enhancing_Pathways_and_Park_Connectivity,0.17342034935
Alppiharju,2022,Topic_5_Enhancing_Pathways_and_Park_Connectivity,0.29646585878125
Haaga,2018,Topic_5_Enhancing_Pathways_and_Park_Connectivity,0.30336647527142857
Haaga,2020,Topic_5_Enhancing_Pathways_and_Park_Connectivity,0.3041501818
Haaga,2022,Topic_5_Enhancing_Pathways_and_Park_Connectivity,0.20592572672142856
Herttoniemi,2018,Topic_5_Enhancing_Pathways_and_Park_Connectivity,0.24227468180930234
Herttoniemi,2020,Topic_5_Enhancing_Pathways_and_Park_Connectivity,0.18869789997457628
Herttoniemi,2022,Topic_5_Enhancing_Pathways_and_Park_Connectivity,0.23281560062558138
Itä-Pakila,2018,Topic_5_Enhancing_Pathways_and_Park_Connectivity,0.23699268555
Itä-Pakila,2020,Topic_5_Enhancing_Pathways_and_Park_Connectivity,0.33713104665
Itä-Pakila,2022,Topic_5_Enhancing_Pathways_and_Park_Connectivity,0.5218953056666668
Jakomäki,2018,Topic_5_Enhancing_Pathways_and_Park_Connectivity,0.004921094433333333
Jakomäki,2020,Topic_5_Enhancing_Pathways_and_Park_Connectivity,0.13092369666
Jakomäki,2022,Topic_5_Enhancing_Pathways_and_Park_Connectivity,0.11423984728571428
Kaarela,2018,Topic_5_Enhancing_Pathways_and_Park_Connectivity,0.2165076422926829
Kaarela,2020,Topic_5_Enhancing_Pathways_and_Park_Connectivity,0.4084821077627907
Kaarela,2022,Topic_5_Enhancing_Pathways_and_Park_Connectivity,0.23457318106944441
Kallio,2018,Topic_5_Enhancing_Pathways_and_Park_Connectivity,0.19322736725999998
Kallio,2020,Topic_5_Enhancing_Pathways_and_Park_Connectivity,0.2599892581386363
Kallio,2022,Topic_5_Enhancing_Pathways_and_Park_Connectivity,0.335226607806
Kampinmalmi,2018,Topic_5_Enhancing_Pathways_and_Park_Connectivity,0.2294289000328221
Kampinmalmi,2020,Topic_5_Enhancing_Pathways_and_Park_Connectivity,0.17841230333783784
Kampinmalmi,2022,Topic_5_Enhancing_Pathways_and_Park_Connectivity,0.21876259348000002
Kulosaari,2018,Topic_5_Enhancing_Pathways_and_Park_Connectivity,0.2335009041714286
Kulosaari,2020,Topic_5_Enhancing_Pathways_and_Park_Connectivity,0.22762646090714286
Kulosaari,2022,Topic_5_Enhancing_Pathways_and_Park_Connectivity,0.33605459225833334
Laajasalo,2018,Topic_5_Enhancing_Pathways_and_Park_Connectivity,0.16058885728125
Laajasalo,2020,Topic_5_Enhancing_Pathways_and_Park_Connectivity,0.2150867257690476
Laajasalo,2022,Topic_5_Enhancing_Pathways_and_Park_Connectivity,0.1832182141272727
Latokartano,2018,Topic_5_Enhancing_Pathways_and_Park_Connectivity,0.31844054109032255
Latokartano,2020,Topic_5_Enhancing_Pathways_and_Park_Connectivity,0.29529494583043475
Latokartano,2022,Topic_5_Enhancing_Pathways_and_Park_Connectivity,0.26630131085789477
Lauttasaari,2018,Topic_5_Enhancing_Pathways_and_Park_Connectivity,0.18248444453999998
Lauttasaari,2020,Topic_5_Enhancing_Pathways_and_Park_Connectivity,0.17224279709347828
Lauttasaari,2022,Topic_5_Enhancing_Pathways_and_Park_Connectivity,0.25158086048235295
Länsi-Pakila,2018,Topic_5_Enhancing_Pathways_and_Park_Connectivity,0.0056805664999999995
Länsi-Pakila,2020,Topic_5_Enhancing_Pathways_and_Park_Connectivity,0.1463467162857143
Länsi-Pakila,2022,Topic_5_Enhancing_Pathways_and_Park_Connectivity,0.23772561466666664
Malmi,2018,Topic_5_Enhancing_Pathways_and_Park_Connectivity,0.20183258341764707
Malmi,2020,Topic_5_Enhancing_Pathways_and_Park_Connectivity,0.1495598876387755
Malmi,2022,Topic_5_Enhancing_Pathways_and_Park_Connectivity,0.11999725003125
Maunula,2018,Topic_5_Enhancing_Pathways_and_Park_Connectivity,0.22464308172666667
Maunula,2020,Topic_5_Enhancing_Pathways_and_Park_Connectivity,0.15877885322083332
Maunula,2022,Topic_5_Enhancing_Pathways_and_Park_Connectivity,0.2395041204681818
Mellunkylä,2018,Topic_5_Enhancing_Pathways_and_Park_Connectivity,0.31510833593333337
Mellunkylä,2020,Topic_5_Enhancing_Pathways_and_Park_Connectivity,0.2034894953170732
Mellunkylä,2022,Topic_5_Enhancing_Pathways_and_Park_Connectivity,0.14723405738421053
Munkkiniemi,2018,Topic_5_Enhancing_Pathways_and_Park_Connectivity,0.2831053294181818
Munkkiniemi,2020,Topic_5_Enhancing_Pathways_and_Park_Connectivity,0.328934981975
Munkkiniemi,2022,Topic_5_Enhancing_Pathways_and_Park_Connectivity,0.2408893304769231
Myllypuro,2018,Topic_5_Enhancing_Pathways_and_Park_Connectivity,0.35643647494285713
Myllypuro,2020,Topic_5_Enhancing_Pathways_and_Park_Connectivity,0.22539667872941177
Myllypuro,2022,Topic_5_Enhancing_Pathways_and_Park_Connectivity,0.11119541514285713
Oulunkylä,2018,Topic_5_Enhancing_Pathways_and_Park_Connectivity,0.16852467962666667
Oulunkylä,2020,Topic_5_Enhancing_Pathways_and_Park_Connectivity,0.1412870461568182
Oulunkylä,2022,Topic_5_Enhancing_Pathways_and_Park_Connectivity,0.2049124981
Pasila,2018,Topic_5_Enhancing_Pathways_and_Park_Connectivity,0.29802160165
Pasila,2020,Topic_5_Enhancing_Pathways_and_Park_Connectivity,0.31725187867
Pasila,2022,Topic_5_Enhancing_Pathways_and_Park_Connectivity,0.17027827663
Pitäjänmäki,2018,Topic_5_Enhancing_Pathways_and_Park_Connectivity,0.20388854405454546
Pitäjänmäki,2020,Topic_5_Enhancing_Pathways_and_Park_Connectivity,0.3081595351617647
Pitäjänmäki,2022,Topic_5_Enhancing_Pathways_and_Park_Connectivity,0.13206326704
Puistola,2018,Topic_5_Enhancing_Pathways_and_Park_Connectivity,0.23670151066111111
Puistola,2020,Topic_5_Enhancing_Pathways_and_Park_Connectivity,0.31317475009130435
Puistola,2022,Topic_5_Enhancing_Pathways_and_Park_Connectivity,0.3031461182307692
Pukinmäki,2018,Topic_5_Enhancing_Pathways_and_Park_Connectivity,0.32297835478
Pukinmäki,2020,Topic_5_Enhancing_Pathways_and_Park_Connectivity,0.35763006523571433
Pukinmäki,2022,Topic_5_Enhancing_Pathways_and_Park_Connectivity,0.29457970784166665
Reijola,2018,Topic_5_Enhancing_Pathways_and_Park_Connectivity,0.3892193216413793
Reijola,2020,Topic_5_Enhancing_Pathways_and_Park_Connectivity,0.2752482213259259
Reijola,2022,Topic_5_Enhancing_Pathways_and_Park_Connectivity,0.23997062381363635
Suutarila,2018,Topic_5_Enhancing_Pathways_and_Park_Connectivity,0.23295967967058823
Suutarila,2020,Topic_5_Enhancing_Pathways_and_Park_Connectivity,0.2012954361730769
Suutarila,2022,Topic_5_Enhancing_Pathways_and_Park_Connectivity,0.4448994136944444
Taka-Töölö,2018,Topic_5_Enhancing_Pathways_and_Park_Connectivity,0.273453435175
Taka-Töölö,2020,Topic_5_Enhancing_Pathways_and_Park_Connectivity,0.20278024845789475
Taka-Töölö,2022,Topic_5_Enhancing_Pathways_and_Park_Connectivity,0.3824497777727273
Tuomarinkylä,2018,Topic_5_Enhancing_Pathways_and_Park_Connectivity,0.2261570964642857
Tuomarinkylä,2020,Topic_5_Enhancing_Pathways_and_Park_Connectivity,0.272522783808
Tuomarinkylä,2022,Topic_5_Enhancing_Pathways_and_Park_Connectivity,0.1666563319
Ullanlinna,2018,Topic_5_Enhancing_Pathways_and_Park_Connectivity,0.14823833082380955
Ullanlinna,2020,Topic_5_Enhancing_Pathways_and_Park_Connectivity,0.2010746419982456
Ullanlinna,2022,Topic_5_Enhancing_Pathways_and_Park_Connectivity,0.14156559977586208
Vallila,2018,Topic_5_Enhancing_Pathways_and_Park_Connectivity,0.214095880221875
Vallila,2020,Topic_5_Enhancing_Pathways_and_Park_Connectivity,0.28413065344814814
Vallila,2022,Topic_5_Enhancing_Pathways_and_Park_Connectivity,0.28815150104
Vanhakaupunki,2018,Topic_5_Enhancing_Pathways_and_Park_Connectivity,0.1898055858984375
Vanhakaupunki,2020,Topic_5_Enhancing_Pathways_and_Park_Connectivity,0.28622122891481483
Vanhakaupunki,2022,Topic_5_Enhancing_Pathways_and_Park_Connectivity,0.24722143900277777
Vartiokylä,2018,Topic_5_Enhancing_Pathways_and_Park_Connectivity,0.26358042305
Vartiokylä,2020,Topic_5_Enhancing_Pathways_and_Park_Connectivity,0.2823991700473684
Vartiokylä,2022,Topic_5_Enhancing_Pathways_and_Park_Connectivity,0.15799629352352942
Vironniemi,2018,Topic_5_Enhancing_Pathways_and_Park_Connectivity,0.2459673090244898
Vironniemi,2020,Topic_5_Enhancing_Pathways_and_Park_Connectivity,0.162274014420202
Vironniemi,2022,Topic_5_Enhancing_Pathways_and_Park_Connectivity,0.15707002222222222
Vuosaari,2018,Topic_5_Enhancing_Pathways_and_Park_Connectivity,0.2183060547375
Vuosaari,2020,Topic_5_Enhancing_Pathways_and_Park_Connectivity,0.1963864011329114
Vuosaari,2022,Topic_5_Enhancing_Pathways_and_Park_Connectivity,0.36059698354693875
Östersundom,2018,Topic_5_Enhancing_Pathways_and_Park_Connectivity,0.25624495010000004
Östersundom,2020,Topic_5_Enhancing_Pathways_and_Park_Connectivity,0.01605122635
Östersundom,2022,Topic_5_Enhancing_Pathways_and_Park_Connectivity,0.0432217155
Alppiharju,2018,Topic_6_Community_Events_and_Participatory_Programmes,0.14458689624999999
Alppiharju,2020,Topic_6_Community_Events_and_Participatory_Programmes,0.1529304307
Alppiharju,2022,Topic_6_Community_Events_and_Participatory_Programmes,0.048010524325
Haaga,2018,Topic_6_Community_Events_and_Participatory_Programmes,0.1684008267952381
Haaga,2020,Topic_6_Community_Events_and_Participatory_Programmes,0.06567801143571429
Haaga,2022,Topic_6_Community_Events_and_Participatory_Programmes,0.022033462028571427
Herttoniemi,2018,Topic_6_Community_Events_and_Participatory_Programmes,0.11233233097209303
Herttoniemi,2020,Topic_6_Community_Events_and_Participatory_Programmes,0.09673317419322035
Herttoniemi,2022,Topic_6_Community_Events_and_Participatory_Programmes,0.07972328072790698
Itä-Pakila,2018,Topic_6_Community_Events_and_Participatory_Programmes,0.0198357263
Itä-Pakila,2020,Topic_6_Community_Events_and_Participatory_Programmes,0.11324443711666665
Itä-Pakila,2022,Topic_6_Community_Events_and_Participatory_Programmes,0.06583076233333333
Jakomäki,2018,Topic_6_Community_Events_and_Participatory_Programmes,0.420282035
Jakomäki,2020,Topic_6_Community_Events_and_Participatory_Programmes,0.06634118064666666
Jakomäki,2022,Topic_6_Community_Events_and_Participatory_Programmes,0.09228447688571428
Kaarela,2018,Topic_6_Community_Events_and_Participatory_Programmes,0.17840990646097563
Kaarela,2020,Topic_6_Community_Events_and_Participatory_Programmes,0.08193454221162791
Kaarela,2022,Topic_6_Community_Events_and_Participatory_Programmes,0.11615635270277777
Kallio,2018,Topic_6_Community_Events_and_Participatory_Programmes,0.066908778252
Kallio,2020,Topic_6_Community_Events_and_Participatory_Programmes,0.1429303539090909
Kallio,2022,Topic_6_Community_Events_and_Participatory_Programmes,0.108903600138
Kampinmalmi,2018,Topic_6_Community_Events_and_Participatory_Programmes,0.12758558232546013
Kampinmalmi,2020,Topic_6_Community_Events_and_Participatory_Programmes,0.11761612237027026
Kampinmalmi,2022,Topic_6_Community_Events_and_Participatory_Programmes,0.09126534902399999
Kulosaari,2018,Topic_6_Community_Events_and_Participatory_Programmes,0.0817568999
Kulosaari,2020,Topic_6_Community_Events_and_Participatory_Programmes,0.0551878221
Kulosaari,2022,Topic_6_Community_Events_and_Participatory_Programmes,0.04391025778333333
Laajasalo,2018,Topic_6_Community_Events_and_Participatory_Programmes,0.156281947046875
Laajasalo,2020,Topic_6_Community_Events_and_Participatory_Programmes,0.14471873154047618
Laajasalo,2022,Topic_6_Community_Events_and_Participatory_Programmes,0.12716720178636362
Latokartano,2018,Topic_6_Community_Events_and_Participatory_Programmes,0.21517717886774193
Latokartano,2020,Topic_6_Community_Events_and_Participatory_Programmes,0.06940744642173913
Latokartano,2022,Topic_6_Community_Events_and_Participatory_Programmes,0.08400042393684211
Lauttasaari,2018,Topic_6_Community_Events_and_Participatory_Programmes,0.142768296255
Lauttasaari,2020,Topic_6_Community_Events_and_Participatory_Programmes,0.06528007340652174
Lauttasaari,2022,Topic_6_Community_Events_and_Participatory_Programmes,0.07980913975294117
Länsi-Pakila,2018,Topic_6_Community_Events_and_Participatory_Programmes,0.136410673
Länsi-Pakila,2020,Topic_6_Community_Events_and_Participatory_Programmes,0.012602332342857143
Länsi-Pakila,2022,Topic_6_Community_Events_and_Participatory_Programmes,0.04454796381666667
Malmi,2018,Topic_6_Community_Events_and_Participatory_Programmes,0.13717049858529412
Malmi,2020,Topic_6_Community_Events_and_Participatory_Programmes,0.189701779477551
Malmi,2022,Topic_6_Community_Events_and_Participatory_Programmes,0.2142918254375
Maunula,2018,Topic_6_Community_Events_and_Participatory_Programmes,0.15075421543333334
Maunula,2020,Topic_6_Community_Events_and_Participatory_Programmes,0.08495214876666667
Maunula,2022,Topic_6_Community_Events_and_Participatory_Programmes,0.09545290938181818
Mellunkylä,2018,Topic_6_Community_Events_and_Participatory_Programmes,0.12068864860909091
Mellunkylä,2020,Topic_6_Community_Events_and_Participatory_Programmes,0.18850575219268292
Mellunkylä,2022,Topic_6_Community_Events_and_Participatory_Programmes,0.15147952064736842
Munkkiniemi,2018,Topic_6_Community_Events_and_Participatory_Programmes,0.12397020362727273
Munkkiniemi,2020,Topic_6_Community_Events_and_Participatory_Programmes,0.05858767116875
Munkkiniemi,2022,Topic_6_Community_Events_and_Participatory_Programmes,0.0591629326
Myllypuro,2018,Topic_6_Community_Events_and_Participatory_Programmes,0.2077677884142857
Myllypuro,2020,Topic_6_Community_Events_and_Participatory_Programmes,0.07887198189411763
Myllypuro,2022,Topic_6_Community_Events_and_Participatory_Programmes,0.12991337694285715
Oulunkylä,2018,Topic_6_Community_Events_and_Participatory_Programmes,0.25833275670666667
Oulunkylä,2020,Topic_6_Community_Events_and_Participatory_Programmes,0.12619517503181818
Oulunkylä,2022,Topic_6_Community_Events_and_Participatory_Programmes,0.0985530935
Pasila,2018,Topic_6_Community_Events_and_Participatory_Programmes,0.3027963803
Pasila,2020,Topic_6_Community_Events_and_Participatory_Programmes,0.06880293267
Pasila,2022,Topic_6_Community_Events_and_Participatory_Programmes,0.205982139895
Pitäjänmäki,2018,Topic_6_Community_Events_and_Participatory_Programmes,0.13860292063636365
Pitäjänmäki,2020,Topic_6_Community_Events_and_Participatory_Programmes,0.11374070408529413
Pitäjänmäki,2022,Topic_6_Community_Events_and_Participatory_Programmes,0.023499526525
Puistola,2018,Topic_6_Community_Events_and_Participatory_Programmes,0.11367914872777779
Puistola,2020,Topic_6_Community_Events_and_Participatory_Programmes,0.1470677026173913
Puistola,2022,Topic_6_Community_Events_and_Participatory_Programmes,0.08878681503846154
Pukinmäki,2018,Topic_6_Community_Events_and_Participatory_Programmes,0.09008454513
Pukinmäki,2020,Topic_6_Community_Events_and_Participatory_Programmes,0.07437419262857144
Pukinmäki,2022,Topic_6_Community_Events_and_Participatory_Programmes,0.04511676176666666
Reijola,2018,Topic_6_Community_Events_and_Participatory_Programmes,0.1269234421724138
Reijola,2020,Topic_6_Community_Events_and_Participatory_Programmes,0.12055736726666666
Reijola,2022,Topic_6_Community_Events_and_Participatory_Programmes,0.13268564631818183
Suutarila,2018,Topic_6_Community_Events_and_Participatory_Programmes,0.07718859407058823
Suutarila,2020,Topic_6_Community_Events_and_Participatory_Programmes,0.07403515915384615
Suutarila,2022,Topic_6_Community_Events_and_Participatory_Programmes,0.10152179908888888
Taka-Töölö,2018,Topic_6_Community_Events_and_Participatory_Programmes,0.3296985469
Taka-Töölö,2020,Topic_6_Community_Events_and_Participatory_Programmes,0.06862106495263158
Taka-Töölö,2022,Topic_6_Community_Events_and_Participatory_Programmes,0.04690487527272727
Tuomarinkylä,2018,Topic_6_Community_Events_and_Participatory_Programmes,0.040845214542857146
Tuomarinkylä,2020,Topic_6_Community_Events_and_Participatory_Programmes,0.082563390476
Tuomarinkylä,2022,Topic_6_Community_Events_and_Participatory_Programmes,0.13665386234000002
Ullanlinna,2018,Topic_6_Community_Events_and_Participatory_Programmes,0.0907423801
Ullanlinna,2020,Topic_6_Community_Events_and_Participatory_Programmes,0.12658069319298246
Ullanlinna,2022,Topic_6_Community_Events_and_Participatory_Programmes,0.07995420657586207
Vallila,2018,Topic_6_Community_Events_and_Participatory_Programmes,0.178834748565625
Vallila,2020,Topic_6_Community_Events_and_Participatory_Programmes,0.10739613051481482
Vallila,2022,Topic_6_Community_Events_and_Participatory_Programmes,0.052714629216
Vanhakaupunki,2018,Topic_6_Community_Events_and_Participatory_Programmes,0.2764011515078125
Vanhakaupunki,2020,Topic_6_Community_Events_and_Participatory_Programmes,0.1100739675925926
Vanhakaupunki,2022,Topic_6_Community_Events_and_Participatory_Programmes,0.1393763985361111
Vartiokylä,2018,Topic_6_Community_Events_and_Participatory_Programmes,0.17896406651750002
Vartiokylä,2020,Topic_6_Community_Events_and_Participatory_Programmes,0.13138716284210528
Vartiokylä,2022,Topic_6_Community_Events_and_Participatory_Programmes,0.1245529881647059
Vironniemi,2018,Topic_6_Community_Events_and_Participatory_Programmes,0.07730571457959183
Vironniemi,2020,Topic_6_Community_Events_and_Participatory_Programmes,0.13741624592154883
Vironniemi,2022,Topic_6_Community_Events_and_Participatory_Programmes,0.1647233759111111
Vuosaari,2018,Topic_6_Community_Events_and_Participatory_Programmes,0.08377854781785714
Vuosaari,2020,Topic_6_Community_Events_and_Participatory_Programmes,0.07664366401518988
Vuosaari,2022,Topic_6_Community_Events_and_Participatory_Programmes,0.10254291582040817
Östersundom,2018,Topic_6_Community_Events_and_Participatory_Programmes,0.1248825327375
Östersundom,2020,Topic_6_Community_Events_and_Participatory_Programmes,0.016050356
Östersundom,2022,Topic_6_Community_Events_and_Participatory_Programmes,0.10266726333333333
Alppiharju,2018,Topic_7_Developing_Spaces_for_Children_and_Youth,0.11865699811250001
Alppiharju,2020,Topic_7_Developing_Spaces_for_Children_and_Youth,0.01562473855
Alppiharju,2022,Topic_7_Developing_Spaces_for_Children_and_Youth,0.29154902051875
Haaga,2018,Topic_7_Developing_Spaces_for_Children_and_Youth,0.26380448974285714
Haaga,2020,Topic_7_Developing_Spaces_for_Children_and_Youth,0.15417842190714287
Haaga,2022,Topic_7_Developing_Spaces_for_Children_and_Youth,0.39190848505000003
Herttoniemi,2018,Topic_7_Developing_Spaces_for_Children_and_Youth,0.15957827523255813
Herttoniemi,2020,Topic_7_Developing_Spaces_for_Children_and_Youth,0.1689808482898305
Herttoniemi,2022,Topic_7_Developing_Spaces_for_Children_and_Youth,0.13726322860465115
Itä-Pakila,2018,Topic_7_Developing_Spaces_for_Children_and_Youth,0.39506004363333336
Itä-Pakila,2020,Topic_7_Developing_Spaces_for_Children_and_Youth,0.3835976255
Itä-Pakila,2022,Topic_7_Developing_Spaces_for_Children_and_Youth,0.08639527294999999
Jakomäki,2018,Topic_7_Developing_Spaces_for_Children_and_Youth,0.25338600666666666
Jakomäki,2020,Topic_7_Developing_Spaces_for_Children_and_Youth,0.19438990720000002
Jakomäki,2022,Topic_7_Developing_Spaces_for_Children_and_Youth,0.3851636847142857
Kaarela,2018,Topic_7_Developing_Spaces_for_Children_and_Youth,0.14704376401219513
Kaarela,2020,Topic_7_Developing_Spaces_for_Children_and_Youth,0.13796135804186047
Kaarela,2022,Topic_7_Developing_Spaces_for_Children_and_Youth,0.21536977086944445
Kallio,2018,Topic_7_Developing_Spaces_for_Children_and_Youth,0.132857710056
Kallio,2020,Topic_7_Developing_Spaces_for_Children_and_Youth,0.17824690686363634
Kallio,2022,Topic_7_Developing_Spaces_for_Children_and_Youth,0.177076477486
Kampinmalmi,2018,Topic_7_Developing_Spaces_for_Children_and_Youth,0.13874475300245398
Kampinmalmi,2020,Topic_7_Developing_Spaces_for_Children_and_Youth,0.12329946946756755
Kampinmalmi,2022,Topic_7_Developing_Spaces_for_Children_and_Youth,0.142241141864
Kulosaari,2018,Topic_7_Developing_Spaces_for_Children_and_Youth,0.11160414541428573
Kulosaari,2020,Topic_7_Developing_Spaces_for_Children_and_Youth,0.09222207846428572
Kulosaari,2022,Topic_7_Developing_Spaces_for_Children_and_Youth,0.0440832266
Laajasalo,2018,Topic_7_Developing_Spaces_for_Children_and_Youth,0.113278903903125
Laajasalo,2020,Topic_7_Developing_Spaces_for_Children_and_Youth,0.07461260885476191
Laajasalo,2022,Topic_7_Developing_Spaces_for_Children_and_Youth,0.16740304804545453
Latokartano,2018,Topic_7_Developing_Spaces_for_Children_and_Youth,0.13225204825806453
Latokartano,2020,Topic_7_Developing_Spaces_for_Children_and_Youth,0.16995931607826087
Latokartano,2022,Topic_7_Developing_Spaces_for_Children_and_Youth,0.24690901983684213
Lauttasaari,2018,Topic_7_Developing_Spaces_for_Children_and_Youth,0.141330625305
Lauttasaari,2020,Topic_7_Developing_Spaces_for_Children_and_Youth,0.1261810291
Lauttasaari,2022,Topic_7_Developing_Spaces_for_Children_and_Youth,0.15811484747058824
Länsi-Pakila,2018,Topic_7_Developing_Spaces_for_Children_and_Youth,0.6681705
Länsi-Pakila,2020,Topic_7_Developing_Spaces_for_Children_and_Youth,0.06728708334285714
Länsi-Pakila,2022,Topic_7_Developing_Spaces_for_Children_and_Youth,0.1851594612666667
Malmi,2018,Topic_7_Developing_Spaces_for_Children_and_Youth,0.20917911047647061
Malmi,2020,Topic_7_Developing_Spaces_for_Children_and_Youth,0.2749357179081633
Malmi,2022,Topic_7_Developing_Spaces_for_Children_and_Youth,0.250493716290625
Maunula,2018,Topic_7_Developing_Spaces_for_Children_and_Youth,0.2712780129333333
Maunula,2020,Topic_7_Developing_Spaces_for_Children_and_Youth,0.2701705734791667
Maunula,2022,Topic_7_Developing_Spaces_for_Children_and_Youth,0.21691405856363638
Mellunkylä,2018,Topic_7_Developing_Spaces_for_Children_and_Youth,0.1919606329969697
Mellunkylä,2020,Topic_7_Developing_Spaces_for_Children_and_Youth,0.23551285850975612
Mellunkylä,2022,Topic_7_Developing_Spaces_for_Children_and_Youth,0.17502325532105262
Munkkiniemi,2018,Topic_7_Developing_Spaces_for_Children_and_Youth,0.14781504785454544
Munkkiniemi,2020,Topic_7_Developing_Spaces_for_Children_and_Youth,0.14363954745000002
Munkkiniemi,2022,Topic_7_Developing_Spaces_for_Children_and_Youth,0.06384391629230769
Myllypuro,2018,Topic_7_Developing_Spaces_for_Children_and_Youth,0.10019149029999999
Myllypuro,2020,Topic_7_Developing_Spaces_for_Children_and_Youth,0.1354870828764706
Myllypuro,2022,Topic_7_Developing_Spaces_for_Children_and_Youth,0.0678928951
Oulunkylä,2018,Topic_7_Developing_Spaces_for_Children_and_Youth,0.13394883902666666
Oulunkylä,2020,Topic_7_Developing_Spaces_for_Children_and_Youth,0.22620844850681818
Oulunkylä,2022,Topic_7_Developing_Spaces_for_Children_and_Youth,0.21457994019545454
Pasila,2018,Topic_7_Developing_Spaces_for_Children_and_Youth,0.038952401709999994
Pasila,2020,Topic_7_Developing_Spaces_for_Children_and_Youth,0.08686794305
Pasila,2022,Topic_7_Developing_Spaces_for_Children_and_Youth,0.264237457565
Pitäjänmäki,2018,Topic_7_Developing_Spaces_for_Children_and_Youth,0.15534271525
Pitäjänmäki,2020,Topic_7_Developing_Spaces_for_Children_and_Youth,0.18244071269117648
Pitäjänmäki,2022,Topic_7_Developing_Spaces_for_Children_and_Youth,0.31536966078999995
Puistola,2018,Topic_7_Developing_Spaces_for_Children_and_Youth,0.3150847723333333
Puistola,2020,Topic_7_Developing_Spaces_for_Children_and_Youth,0.20529412956086954
Puistola,2022,Topic_7_Developing_Spaces_for_Children_and_Youth,0.28210029016923077
Pukinmäki,2018,Topic_7_Developing_Spaces_for_Children_and_Youth,0.28804079236
Pukinmäki,2020,Topic_7_Developing_Spaces_for_Children_and_Youth,0.14313022699285716
Pukinmäki,2022,Topic_7_Developing_Spaces_for_Children_and_Youth,0.35290685455000004
Reijola,2018,Topic_7_Developing_Spaces_for_Children_and_Youth,0.12186770268275862
Reijola,2020,Topic_7_Developing_Spaces_for_Children_and_Youth,0.09645813859629629
Reijola,2022,Topic_7_Developing_Spaces_for_Children_and_Youth,0.15808653090000002
Suutarila,2018,Topic_7_Developing_Spaces_for_Children_and_Youth,0.1919344633235294
Suutarila,2020,Topic_7_Developing_Spaces_for_Children_and_Youth,0.2955963282346154
Suutarila,2022,Topic_7_Developing_Spaces_for_Children_and_Youth,0.09304537523888888
Taka-Töölö,2018,Topic_7_Developing_Spaces_for_Children_and_Youth,0.1441195891125
Taka-Töölö,2020,Topic_7_Developing_Spaces_for_Children_and_Youth,0.15654543128947368
Taka-Töölö,2022,Topic_7_Developing_Spaces_for_Children_and_Youth,0.11164993688181818
Tuomarinkylä,2018,Topic_7_Developing_Spaces_for_Children_and_Youth,0.3109183097214286
Tuomarinkylä,2020,Topic_7_Developing_Spaces_for_Children_and_Youth,0.220617070816
Tuomarinkylä,2022,Topic_7_Developing_Spaces_for_Children_and_Youth,0.23580348035000004
Ullanlinna,2018,Topic_7_Developing_Spaces_for_Children_and_Youth,0.18127377304285716
Ullanlinna,2020,Topic_7_Developing_Spaces_for_Children_and_Youth,0.18284631862105263
Ullanlinna,2022,Topic_7_Developing_Spaces_for_Children_and_Youth,0.18215131584827587
Vallila,2018,Topic_7_Developing_Spaces_for_Children_and_Youth,0.2163919537125
Vallila,2020,Topic_7_Developing_Spaces_for_Children_and_Youth,0.17921258192592593
Vallila,2022,Topic_7_Developing_Spaces_for_Children_and_Youth,0.188210782304
Vanhakaupunki,2018,Topic_7_Developing_Spaces_for_Children_and_Youth,0.1324242850296875
Vanhakaupunki,2020,Topic_7_Developing_Spaces_for_Children_and_Youth,0.2046688401259259
Vanhakaupunki,2022,Topic_7_Developing_Spaces_for_Children_and_Youth,0.23146783885277777
Vartiokylä,2018,Topic_7_Developing_Spaces_for_Children_and_Youth,0.10830734041000001
Vartiokylä,2020,Topic_7_Developing_Spaces_for_Children_and_Youth,0.2004750961368421
Vartiokylä,2022,Topic_7_Developing_Spaces_for_Children_and_Youth,0.25191904761176476
Vironniemi,2018,Topic_7_Developing_Spaces_for_Children_and_Youth,0.12278528643061223
Vironniemi,2020,Topic_7_Developing_Spaces_for_Children_and_Youth,0.12594324774646465
Vironniemi,2022,Topic_7_Developing_Spaces_for_Children_and_Youth,0.12051203103333334
Vuosaari,2018,Topic_7_Developing_Spaces_for_Children_and_Youth,0.2356348518035714
Vuosaari,2020,Topic_7_Developing_Spaces_for_Children_and_Youth,0.18827600188734178
Vuosaari,2022,Topic_7_Developing_Spaces_for_Children_and_Youth,0.1394382632020408
Östersundom,2018,Topic_7_Developing_Spaces_for_Children_and_Youth,0.0992608446125
Östersundom,2020,Topic_7_Developing_Spaces_for_Children_and_Youth,0.23961713099999998
Östersundom,2022,Topic_7_Developing_Spaces_for_Children_and_Youth,0.06263115913333334
